Country,Quarter,Gold_Demand_Tonnes,Year,Q,Quarter_Num,Date,QoQ_Growth,YoY_Growth
Australia,Q1'20,0,2020,Q1,1,2020-01-01,NA,NA
Austria,Q1'20,2.8,2020,Q1,1,2020-01-01,NA,NA
Brazil,Q1'20,3.6,2020,Q1,1,2020-01-01,NA,NA
Canada,Q1'20,4.3,2020,Q1,1,2020-01-01,NA,NA
China,Q1'20,106.5,2020,Q1,1,2020-01-01,NA,NA
Egypt,Q1'20,7.8,2020,Q1,1,2020-01-01,NA,NA
France,Q1'20,3.2,2020,Q1,1,2020-01-01,NA,NA
Germany,Q1'20,47.7,2020,Q1,1,2020-01-01,NA,NA
India,Q1'20,101.9,2020,Q1,1,2020-01-01,NA,NA
Indonesia,Q1'20,8,2020,Q1,1,2020-01-01,NA,NA
Islamic Republic of Iran,Q1'20,16.6,2020,Q1,1,2020-01-01,NA,NA
Italy,Q1'20,2,2020,Q1,1,2020-01-01,NA,NA
Japan,Q1'20,-3.5,2020,Q1,1,2020-01-01,NA,NA
"Korea, Republic of",Q1'20,7.9,2020,Q1,1,2020-01-01,NA,NA
Kuwait,Q1'20,4.2,2020,Q1,1,2020-01-01,NA,NA
Malaysia,Q1'20,3.3,2020,Q1,1,2020-01-01,NA,NA
Mexico,Q1'20,3.8,2020,Q1,1,2020-01-01,NA,NA
Pakistan,Q1'20,11.3,2020,Q1,1,2020-01-01,NA,NA
Russian Federation,Q1'20,10.8,2020,Q1,1,2020-01-01,NA,NA
Saudi Arabia,Q1'20,9.4,2020,Q1,1,2020-01-01,NA,NA
Singapore,Q1'20,2.9,2020,Q1,1,2020-01-01,NA,NA
Spain,Q1'20,1.7,2020,Q1,1,2020-01-01,NA,NA
Sri Lanka,Q1'20,1.3,2020,Q1,1,2020-01-01,NA,NA
Switzerland,Q1'20,14,2020,Q1,1,2020-01-01,NA,NA
Thailand,Q1'20,7.5,2020,Q1,1,2020-01-01,NA,NA
Turkiye,Q1'20,31.9,2020,Q1,1,2020-01-01,NA,NA
UAE,Q1'20,11.3,2020,Q1,1,2020-01-01,NA,NA
United Kingdom,Q1'20,6.8,2020,Q1,1,2020-01-01,NA,NA
United States,Q1'20,37.7,2020,Q1,1,2020-01-01,NA,NA
Vietnam,Q1'20,16.8,2020,Q1,1,2020-01-01,NA,NA
Australia,Q2'20,0,2020,Q2,2,2020-04-01,NA,NA
Austria,Q2'20,3.3,2020,Q2,2,2020-04-01,0.1785714285714286,NA
Brazil,Q2'20,4,2020,Q2,2,2020-04-01,0.11111111111111116,NA
Canada,Q2'20,4.1,2020,Q2,2,2020-04-01,-0.04651162790697683,NA
China,Q2'20,137,2020,Q2,2,2020-04-01,0.2863849765258215,NA
Egypt,Q2'20,2,2020,Q2,2,2020-04-01,-0.7435897435897436,NA
France,Q2'20,2.5,2020,Q2,2,2020-04-01,-0.21875,NA
Germany,Q2'20,45.1,2020,Q2,2,2020-04-01,-0.05450733752620551,NA
India,Q2'20,63.7,2020,Q2,2,2020-04-01,-0.3748773307163886,NA
Indonesia,Q2'20,7.3,2020,Q2,2,2020-04-01,-0.08750000000000002,NA
Islamic Republic of Iran,Q2'20,9.9,2020,Q2,2,2020-04-01,-0.4036144578313253,NA
Italy,Q2'20,1.8,2020,Q2,2,2020-04-01,-0.09999999999999998,NA
Japan,Q2'20,0.1,2020,Q2,2,2020-04-01,-1.0285714285714285,NA
"Korea, Republic of",Q2'20,7.7,2020,Q2,2,2020-04-01,-0.025316455696202556,NA
Kuwait,Q2'20,3,2020,Q2,2,2020-04-01,-0.2857142857142857,NA
Malaysia,Q2'20,2.3,2020,Q2,2,2020-04-01,-0.3030303030303031,NA
Mexico,Q2'20,3.1,2020,Q2,2,2020-04-01,-0.18421052631578938,NA
Pakistan,Q2'20,2.3,2020,Q2,2,2020-04-01,-0.7964601769911505,NA
Russian Federation,Q2'20,4.9,2020,Q2,2,2020-04-01,-0.5462962962962963,NA
Saudi Arabia,Q2'20,3,2020,Q2,2,2020-04-01,-0.6808510638297873,NA
Singapore,Q2'20,1.2,2020,Q2,2,2020-04-01,-0.5862068965517242,NA
Spain,Q2'20,1.6,2020,Q2,2,2020-04-01,-0.05882352941176461,NA
Sri Lanka,Q2'20,0.5,2020,Q2,2,2020-04-01,-0.6153846153846154,NA
Switzerland,Q2'20,11.8,2020,Q2,2,2020-04-01,-0.15714285714285714,NA
Thailand,Q2'20,-39.9,2020,Q2,2,2020-04-01,-6.319999999999999,NA
Turkiye,Q2'20,23.9,2020,Q2,2,2020-04-01,-0.2507836990595611,NA
UAE,Q2'20,2.1,2020,Q2,2,2020-04-01,-0.8141592920353983,NA
United Kingdom,Q2'20,5.8,2020,Q2,2,2020-04-01,-0.1470588235294118,NA
United States,Q2'20,32.8,2020,Q2,2,2020-04-01,-0.12997347480106114,NA
Vietnam,Q2'20,6.8,2020,Q2,2,2020-04-01,-0.5952380952380953,NA
Australia,Q3'20,0,2020,Q3,3,2020-07-01,NA,NA
Austria,Q3'20,2.4,2020,Q3,3,2020-07-01,-0.2727272727272727,NA
Brazil,Q3'20,3.5,2020,Q3,3,2020-07-01,-0.125,NA
Canada,Q3'20,4.9,2020,Q3,3,2020-07-01,0.19512195121951237,NA
China,Q3'20,183.1,2020,Q3,3,2020-07-01,0.3364963503649634,NA
Egypt,Q3'20,6.3,2020,Q3,3,2020-07-01,2.15,NA
France,Q3'20,3.2,2020,Q3,3,2020-07-01,0.28,NA
Germany,Q3'20,30.7,2020,Q3,3,2020-07-01,-0.3192904656319291,NA
India,Q3'20,94.6,2020,Q3,3,2020-07-01,0.4850863422291991,NA
Indonesia,Q3'20,9.9,2020,Q3,3,2020-07-01,0.3561643835616439,NA
Islamic Republic of Iran,Q3'20,16.3,2020,Q3,3,2020-07-01,0.6464646464646464,NA
Italy,Q3'20,2.4,2020,Q3,3,2020-07-01,0.33333333333333326,NA
Japan,Q3'20,3.6,2020,Q3,3,2020-07-01,35,NA
"Korea, Republic of",Q3'20,9.9,2020,Q3,3,2020-07-01,0.2857142857142858,NA
Kuwait,Q3'20,2.5,2020,Q3,3,2020-07-01,-0.16666666666666663,NA
Malaysia,Q3'20,3.7,2020,Q3,3,2020-07-01,0.6086956521739133,NA
Mexico,Q3'20,3.2,2020,Q3,3,2020-07-01,0.032258064516129004,NA
Pakistan,Q3'20,6.3,2020,Q3,3,2020-07-01,1.7391304347826089,NA
Russian Federation,Q3'20,9,2020,Q3,3,2020-07-01,0.8367346938775508,NA
Saudi Arabia,Q3'20,9.6,2020,Q3,3,2020-07-01,2.1999999999999997,NA
Singapore,Q3'20,2.6,2020,Q3,3,2020-07-01,1.166666666666667,NA
Spain,Q3'20,1.5,2020,Q3,3,2020-07-01,-0.0625,NA
Sri Lanka,Q3'20,0.7,2020,Q3,3,2020-07-01,0.3999999999999999,NA
Switzerland,Q3'20,7.5,2020,Q3,3,2020-07-01,-0.364406779661017,NA
Thailand,Q3'20,-43.8,2020,Q3,3,2020-07-01,0.09774436090225569,NA
Turkiye,Q3'20,55.5,2020,Q3,3,2020-07-01,1.3221757322175733,NA
UAE,Q3'20,5.2,2020,Q3,3,2020-07-01,1.4761904761904763,NA
United Kingdom,Q3'20,6.4,2020,Q3,3,2020-07-01,0.10344827586206895,NA
United States,Q3'20,50.1,2020,Q3,3,2020-07-01,0.527439024390244,NA
Vietnam,Q3'20,6.6,2020,Q3,3,2020-07-01,-0.02941176470588236,NA
Australia,Q4'20,0,2020,Q4,4,2020-10-01,NA,NA
Austria,Q4'20,3.1,2020,Q4,4,2020-10-01,0.29166666666666674,NA
Brazil,Q4'20,4.9,2020,Q4,4,2020-10-01,0.40000000000000013,NA
Canada,Q4'20,7.5,2020,Q4,4,2020-10-01,0.5306122448979591,NA
China,Q4'20,214.7,2020,Q4,4,2020-10-01,0.17258328782086285,NA
Egypt,Q4'20,7.4,2020,Q4,4,2020-10-01,0.17460317460317465,NA
France,Q4'20,5.1,2020,Q4,4,2020-10-01,0.5937499999999998,NA
Germany,Q4'20,42.6,2020,Q4,4,2020-10-01,0.3876221498371337,NA
India,Q4'20,186.2,2020,Q4,4,2020-10-01,0.9682875264270614,NA
Indonesia,Q4'20,12.5,2020,Q4,4,2020-10-01,0.26262626262626254,NA
Islamic Republic of Iran,Q4'20,13.5,2020,Q4,4,2020-10-01,-0.17177914110429449,NA
Italy,Q4'20,7.6,2020,Q4,4,2020-10-01,2.1666666666666665,NA
Japan,Q4'20,4.3,2020,Q4,4,2020-10-01,0.19444444444444442,NA
"Korea, Republic of",Q4'20,9.8,2020,Q4,4,2020-10-01,-0.010101010101010055,NA
Kuwait,Q4'20,3.4,2020,Q4,4,2020-10-01,0.3599999999999999,NA
Malaysia,Q4'20,3.8,2020,Q4,4,2020-10-01,0.027027027027026973,NA
Mexico,Q4'20,3.2,2020,Q4,4,2020-10-01,0,NA
Pakistan,Q4'20,8.9,2020,Q4,4,2020-10-01,0.4126984126984128,NA
Russian Federation,Q4'20,10.1,2020,Q4,4,2020-10-01,0.12222222222222223,NA
Saudi Arabia,Q4'20,9.1,2020,Q4,4,2020-10-01,-0.05208333333333337,NA
Singapore,Q4'20,2.7,2020,Q4,4,2020-10-01,0.03846153846153855,NA
Spain,Q4'20,2.1,2020,Q4,4,2020-10-01,0.40000000000000013,NA
Sri Lanka,Q4'20,1.7,2020,Q4,4,2020-10-01,1.4285714285714288,NA
Switzerland,Q4'20,9.6,2020,Q4,4,2020-10-01,0.28,NA
Thailand,Q4'20,-5.3,2020,Q4,4,2020-10-01,-0.8789954337899544,NA
Turkiye,Q4'20,35.7,2020,Q4,4,2020-10-01,-0.35675675675675667,NA
UAE,Q4'20,8.1,2020,Q4,4,2020-10-01,0.5576923076923075,NA
United Kingdom,Q4'20,10.6,2020,Q4,4,2020-10-01,0.6562499999999998,NA
United States,Q4'20,66.8,2020,Q4,4,2020-10-01,0.33333333333333326,NA
Vietnam,Q4'20,9.6,2020,Q4,4,2020-10-01,0.4545454545454546,NA
Australia,Q1'21,7.7,2021,Q1,1,2021-01-01,Inf,Inf
Austria,Q1'21,3.2,2021,Q1,1,2021-01-01,0.032258064516129004,0.14285714285714302
Brazil,Q1'21,3.3,2021,Q1,1,2021-01-01,-0.3265306122448981,-0.08333333333333337
Canada,Q1'21,5.4,2021,Q1,1,2021-01-01,-0.2799999999999999,0.2558139534883723
China,Q1'21,289.3,2021,Q1,1,2021-01-01,0.3474615742897067,1.7164319248826292
Egypt,Q1'21,8.9,2021,Q1,1,2021-01-01,0.20270270270270263,0.1410256410256412
France,Q1'21,3.8,2021,Q1,1,2021-01-01,-0.2549019607843137,0.18749999999999978
Germany,Q1'21,45.6,2021,Q1,1,2021-01-01,0.07042253521126751,-0.04402515723270439
India,Q1'21,165.8,2021,Q1,1,2021-01-01,-0.10955961331901165,0.6270853778213936
Indonesia,Q1'21,11.5,2021,Q1,1,2021-01-01,-0.07999999999999996,0.4375
Islamic Republic of Iran,Q1'21,12.2,2021,Q1,1,2021-01-01,-0.09629629629629632,-0.2650602409638555
Italy,Q1'21,2.2,2021,Q1,1,2021-01-01,-0.7105263157894737,0.10000000000000009
Japan,Q1'21,8.2,2021,Q1,1,2021-01-01,0.9069767441860463,-3.3428571428571425
"Korea, Republic of",Q1'21,10.9,2021,Q1,1,2021-01-01,0.11224489795918369,0.379746835443038
Kuwait,Q1'21,4.5,2021,Q1,1,2021-01-01,0.32352941176470584,0.0714285714285714
Malaysia,Q1'21,4.2,2021,Q1,1,2021-01-01,0.10526315789473695,0.27272727272727293
Mexico,Q1'21,3.2,2021,Q1,1,2021-01-01,0,-0.1578947368421052
Pakistan,Q1'21,11.9,2021,Q1,1,2021-01-01,0.3370786516853932,0.05309734513274322
Russian Federation,Q1'21,10.3,2021,Q1,1,2021-01-01,0.01980198019801982,-0.04629629629629628
Saudi Arabia,Q1'21,11,2021,Q1,1,2021-01-01,0.20879120879120894,0.17021276595744683
Singapore,Q1'21,3.5,2021,Q1,1,2021-01-01,0.2962962962962963,0.2068965517241379
Spain,Q1'21,1.6,2021,Q1,1,2021-01-01,-0.23809523809523814,-0.05882352941176461
Sri Lanka,Q1'21,1.8,2021,Q1,1,2021-01-01,0.05882352941176472,0.3846153846153846
Switzerland,Q1'21,13,2021,Q1,1,2021-01-01,0.35416666666666674,-0.0714285714285714
Thailand,Q1'21,8.3,2021,Q1,1,2021-01-01,-2.566037735849057,0.10666666666666669
Turkiye,Q1'21,53.2,2021,Q1,1,2021-01-01,0.4901960784313726,0.6677115987460818
UAE,Q1'21,10.7,2021,Q1,1,2021-01-01,0.3209876543209875,-0.053097345132743445
United Kingdom,Q1'21,6,2021,Q1,1,2021-01-01,-0.4339622641509434,-0.11764705882352944
United States,Q1'21,58.2,2021,Q1,1,2021-01-01,-0.12874251497005984,0.5437665782493368
Vietnam,Q1'21,18.6,2021,Q1,1,2021-01-01,0.9375000000000002,0.1071428571428572
Australia,Q2'21,7.8,2021,Q2,2,2021-04-01,0.01298701298701288,Inf
Austria,Q2'21,2.9,2021,Q2,2,2021-04-01,-0.09375000000000011,-0.12121212121212122
Brazil,Q2'21,4.2,2021,Q2,2,2021-04-01,0.27272727272727293,0.050000000000000044
Canada,Q2'21,6.9,2021,Q2,2,2021-04-01,0.2777777777777777,0.6829268292682928
China,Q2'21,211.5,2021,Q2,2,2021-04-01,-0.2689249913584515,0.5437956204379562
Egypt,Q2'21,7.8,2021,Q2,2,2021-04-01,-0.12359550561797761,2.9
France,Q2'21,2.9,2021,Q2,2,2021-04-01,-0.23684210526315785,0.15999999999999992
Germany,Q2'21,46.9,2021,Q2,2,2021-04-01,0.028508771929824483,0.039911308203991025
India,Q2'21,119.6,2021,Q2,2,2021-04-01,-0.2786489746682751,0.8775510204081631
Indonesia,Q2'21,8.1,2021,Q2,2,2021-04-01,-0.29565217391304355,0.1095890410958904
Islamic Republic of Iran,Q2'21,9.4,2021,Q2,2,2021-04-01,-0.2295081967213114,-0.0505050505050505
Italy,Q2'21,3.4,2021,Q2,2,2021-04-01,0.5454545454545452,0.8888888888888888
Japan,Q2'21,0.2,2021,Q2,2,2021-04-01,-0.975609756097561,1
"Korea, Republic of",Q2'21,9.4,2021,Q2,2,2021-04-01,-0.13761467889908252,0.22077922077922074
Kuwait,Q2'21,4.4,2021,Q2,2,2021-04-01,-0.022222222222222143,0.4666666666666668
Malaysia,Q2'21,3.3,2021,Q2,2,2021-04-01,-0.2142857142857144,0.4347826086956521
Mexico,Q2'21,3.5,2021,Q2,2,2021-04-01,0.09375,0.12903225806451601
Pakistan,Q2'21,9.2,2021,Q2,2,2021-04-01,-0.2268907563025211,3
Russian Federation,Q2'21,10.8,2021,Q2,2,2021-04-01,0.04854368932038833,1.204081632653061
Saudi Arabia,Q2'21,10.1,2021,Q2,2,2021-04-01,-0.0818181818181819,2.3666666666666667
Singapore,Q2'21,2.7,2021,Q2,2,2021-04-01,-0.22857142857142854,1.2500000000000004
Spain,Q2'21,1.9,2021,Q2,2,2021-04-01,0.18749999999999978,0.18749999999999978
Sri Lanka,Q2'21,1,2021,Q2,2,2021-04-01,-0.4444444444444444,1
Switzerland,Q2'21,12,2021,Q2,2,2021-04-01,-0.07692307692307687,0.016949152542372836
Thailand,Q2'21,7.5,2021,Q2,2,2021-04-01,-0.09638554216867479,-1.1879699248120301
Turkiye,Q2'21,12.2,2021,Q2,2,2021-04-01,-0.7706766917293233,-0.4895397489539749
UAE,Q2'21,8.8,2021,Q2,2,2021-04-01,-0.17757009345794383,3.1904761904761907
United Kingdom,Q2'21,7.6,2021,Q2,2,2021-04-01,0.2666666666666666,0.31034482758620685
United States,Q2'21,67.4,2021,Q2,2,2021-04-01,0.15807560137457055,1.054878048780488
Vietnam,Q2'21,12.6,2021,Q2,2,2021-04-01,-0.32258064516129037,0.8529411764705883
Australia,Q3'21,6.5,2021,Q3,3,2021-07-01,-0.16666666666666663,Inf
Austria,Q3'21,2.5,2021,Q3,3,2021-07-01,-0.13793103448275856,0.04166666666666674
Brazil,Q3'21,3.7,2021,Q3,3,2021-07-01,-0.11904761904761907,0.05714285714285716
Canada,Q3'21,4.6,2021,Q3,3,2021-07-01,-0.33333333333333337,-0.061224489795918546
China,Q3'21,228.7,2021,Q3,3,2021-07-01,0.08132387706855781,0.2490442381212452
Egypt,Q3'21,9,2021,Q3,3,2021-07-01,0.15384615384615397,0.4285714285714286
France,Q3'21,3.2,2021,Q3,3,2021-07-01,0.10344827586206895,0
Germany,Q3'21,35.8,2021,Q3,3,2021-07-01,-0.2366737739872069,0.16612377850162852
India,Q3'21,168,2021,Q3,3,2021-07-01,0.4046822742474918,0.7758985200845667
Indonesia,Q3'21,13.1,2021,Q3,3,2021-07-01,0.617283950617284,0.3232323232323231
Islamic Republic of Iran,Q3'21,15.4,2021,Q3,3,2021-07-01,0.6382978723404256,-0.05521472392638038
Italy,Q3'21,2.7,2021,Q3,3,2021-07-01,-0.2058823529411764,0.12500000000000022
Japan,Q3'21,5.9,2021,Q3,3,2021-07-01,28.5,0.6388888888888888
"Korea, Republic of",Q3'21,9.1,2021,Q3,3,2021-07-01,-0.03191489361702138,-0.08080808080808088
Kuwait,Q3'21,3.7,2021,Q3,3,2021-07-01,-0.15909090909090917,0.48
Malaysia,Q3'21,2.2,2021,Q3,3,2021-07-01,-0.33333333333333326,-0.4054054054054054
Mexico,Q3'21,3.5,2021,Q3,3,2021-07-01,0,0.09375
Pakistan,Q3'21,9.7,2021,Q3,3,2021-07-01,0.05434782608695654,0.5396825396825395
Russian Federation,Q3'21,12.7,2021,Q3,3,2021-07-01,0.17592592592592582,0.411111111111111
Saudi Arabia,Q3'21,11,2021,Q3,3,2021-07-01,0.08910891089108919,0.14583333333333348
Singapore,Q3'21,2.1,2021,Q3,3,2021-07-01,-0.2222222222222222,-0.1923076923076923
Spain,Q3'21,1.8,2021,Q3,3,2021-07-01,-0.05263157894736836,0.19999999999999996
Sri Lanka,Q3'21,0.6,2021,Q3,3,2021-07-01,-0.4,-0.1428571428571428
Switzerland,Q3'21,9.1,2021,Q3,3,2021-07-01,-0.2416666666666667,0.21333333333333337
Thailand,Q3'21,8.6,2021,Q3,3,2021-07-01,0.14666666666666672,-1.1963470319634704
Turkiye,Q3'21,18.5,2021,Q3,3,2021-07-01,0.5163934426229508,-0.6666666666666667
UAE,Q3'21,10.1,2021,Q3,3,2021-07-01,0.14772727272727249,0.9423076923076921
United Kingdom,Q3'21,8.3,2021,Q3,3,2021-07-01,0.09210526315789491,0.296875
United States,Q3'21,56.2,2021,Q3,3,2021-07-01,-0.1661721068249259,0.12175648702594821
Vietnam,Q3'21,3.3,2021,Q3,3,2021-07-01,-0.7380952380952381,-0.5
Australia,Q4'21,8.9,2021,Q4,4,2021-10-01,0.36923076923076925,Inf
Austria,Q4'21,3.6,2021,Q4,4,2021-10-01,0.43999999999999995,0.16129032258064524
Brazil,Q4'21,5.1,2021,Q4,4,2021-10-01,0.3783783783783783,0.04081632653061207
Canada,Q4'21,9.1,2021,Q4,4,2021-10-01,0.9782608695652175,0.21333333333333337
China,Q4'21,264.2,2021,Q4,4,2021-10-01,0.15522518583296896,0.23055426176059624
Egypt,Q4'21,8.5,2021,Q4,4,2021-10-01,-0.05555555555555558,0.14864864864864868
France,Q4'21,7.2,2021,Q4,4,2021-10-01,1.25,0.41176470588235303
Germany,Q4'21,45.4,2021,Q4,4,2021-10-01,0.26815642458100575,0.06572769953051627
India,Q4'21,343.9,2021,Q4,4,2021-10-01,1.0470238095238096,0.846938775510204
Indonesia,Q4'21,14,2021,Q4,4,2021-10-01,0.06870229007633588,0.1200000000000001
Islamic Republic of Iran,Q4'21,14.9,2021,Q4,4,2021-10-01,-0.03246753246753242,0.10370370370370363
Italy,Q4'21,8.9,2021,Q4,4,2021-10-01,2.2962962962962963,0.17105263157894757
Japan,Q4'21,1.2,2021,Q4,4,2021-10-01,-0.7966101694915254,-0.7209302325581395
"Korea, Republic of",Q4'21,10.2,2021,Q4,4,2021-10-01,0.1208791208791209,0.04081632653061207
Kuwait,Q4'21,3.9,2021,Q4,4,2021-10-01,0.054054054054053946,0.1470588235294117
Malaysia,Q4'21,5.1,2021,Q4,4,2021-10-01,1.318181818181818,0.3421052631578947
Mexico,Q4'21,3.9,2021,Q4,4,2021-10-01,0.11428571428571432,0.21875
Pakistan,Q4'21,10.3,2021,Q4,4,2021-10-01,0.06185567010309301,0.1573033707865168
Russian Federation,Q4'21,13,2021,Q4,4,2021-10-01,0.023622047244094446,0.28712871287128716
Saudi Arabia,Q4'21,12.1,2021,Q4,4,2021-10-01,0.09999999999999987,0.3296703296703296
Singapore,Q4'21,3.2,2021,Q4,4,2021-10-01,0.5238095238095237,0.18518518518518512
Spain,Q4'21,2.5,2021,Q4,4,2021-10-01,0.38888888888888884,0.19047619047619047
Sri Lanka,Q4'21,0.8,2021,Q4,4,2021-10-01,0.3333333333333335,-0.5294117647058822
Switzerland,Q4'21,9.7,2021,Q4,4,2021-10-01,0.06593406593406592,0.01041666666666674
Thailand,Q4'21,12.4,2021,Q4,4,2021-10-01,0.4418604651162792,-3.339622641509434
Turkiye,Q4'21,11.3,2021,Q4,4,2021-10-01,-0.3891891891891891,-0.6834733893557423
UAE,Q4'21,12,2021,Q4,4,2021-10-01,0.18811881188118806,0.4814814814814816
United Kingdom,Q4'21,12.9,2021,Q4,4,2021-10-01,0.5542168674698795,0.21698113207547176
United States,Q4'21,83.1,2021,Q4,4,2021-10-01,0.47864768683274006,0.24401197604790426
Vietnam,Q4'21,8.5,2021,Q4,4,2021-10-01,1.5757575757575757,-0.11458333333333326
Australia,Q1'22,10.3,2022,Q1,1,2022-01-01,0.1573033707865168,0.3376623376623378
Austria,Q1'22,3.7,2022,Q1,1,2022-01-01,0.0277777777777779,0.15625
Brazil,Q1'22,3.4,2022,Q1,1,2022-01-01,-0.33333333333333326,0.030303030303030276
Canada,Q1'22,6.1,2022,Q1,1,2022-01-01,-0.3296703296703297,0.12962962962962954
China,Q1'22,234.9,2022,Q1,1,2022-01-01,-0.11090083270249806,-0.18804009678534395
Egypt,Q1'22,12.2,2022,Q1,1,2022-01-01,0.43529411764705883,0.3707865168539324
France,Q1'22,4.4,2022,Q1,1,2022-01-01,-0.38888888888888884,0.1578947368421053
Germany,Q1'22,48.7,2022,Q1,1,2022-01-01,0.07268722466960353,0.06798245614035081
India,Q1'22,135.5,2022,Q1,1,2022-01-01,-0.6059901134050596,-0.18275030156815442
Indonesia,Q1'22,10.5,2022,Q1,1,2022-01-01,-0.25,-0.08695652173913049
Islamic Republic of Iran,Q1'22,17.7,2022,Q1,1,2022-01-01,0.18791946308724827,0.4508196721311475
Italy,Q1'22,2.5,2022,Q1,1,2022-01-01,-0.7191011235955056,0.13636363636363624
Japan,Q1'22,-6.8,2022,Q1,1,2022-01-01,-6.666666666666667,-1.829268292682927
"Korea, Republic of",Q1'22,9.1,2022,Q1,1,2022-01-01,-0.10784313725490191,-0.1651376146788991
Kuwait,Q1'22,4.1,2022,Q1,1,2022-01-01,0.05128205128205132,-0.08888888888888902
Malaysia,Q1'22,5.2,2022,Q1,1,2022-01-01,0.019607843137255054,0.23809523809523814
Mexico,Q1'22,3.2,2022,Q1,1,2022-01-01,-0.1794871794871794,0
Pakistan,Q1'22,9.7,2022,Q1,1,2022-01-01,-0.058252427184466105,-0.18487394957983205
Russian Federation,Q1'22,13.9,2022,Q1,1,2022-01-01,0.0692307692307692,0.34951456310679596
Saudi Arabia,Q1'22,11.7,2022,Q1,1,2022-01-01,-0.03305785123966942,0.06363636363636349
Singapore,Q1'22,4.1,2022,Q1,1,2022-01-01,0.2812499999999998,0.17142857142857126
Spain,Q1'22,1.7,2022,Q1,1,2022-01-01,-0.32000000000000006,0.0625
Sri Lanka,Q1'22,2.2,2022,Q1,1,2022-01-01,1.75,0.22222222222222232
Switzerland,Q1'22,13.5,2022,Q1,1,2022-01-01,0.3917525773195878,0.03846153846153855
Thailand,Q1'22,3.8,2022,Q1,1,2022-01-01,-0.6935483870967742,-0.5421686746987953
Turkiye,Q1'22,17.6,2022,Q1,1,2022-01-01,0.5575221238938053,-0.6691729323308271
UAE,Q1'22,14.5,2022,Q1,1,2022-01-01,0.20833333333333326,0.3551401869158879
United Kingdom,Q1'22,7.1,2022,Q1,1,2022-01-01,-0.4496124031007752,0.18333333333333335
United States,Q1'22,57.6,2022,Q1,1,2022-01-01,-0.3068592057761732,-0.010309278350515538
Vietnam,Q1'22,19.6,2022,Q1,1,2022-01-01,1.3058823529411767,0.053763440860215006
Australia,Q2'22,8.3,2022,Q2,2,2022-04-01,-0.19417475728155342,0.06410256410256432
Austria,Q2'22,3,2022,Q2,2,2022-04-01,-0.18918918918918926,0.034482758620689724
Brazil,Q2'22,4.4,2022,Q2,2,2022-04-01,0.2941176470588236,0.04761904761904767
Canada,Q2'22,7.1,2022,Q2,2,2022-04-01,0.16393442622950816,0.02898550724637672
China,Q2'22,148.4,2022,Q2,2,2022-04-01,-0.3682418050234142,-0.2983451536643026
Egypt,Q2'22,10.3,2022,Q2,2,2022-04-01,-0.15573770491803263,0.3205128205128207
France,Q2'22,4.3,2022,Q2,2,2022-04-01,-0.022727272727272818,0.48275862068965525
Germany,Q2'22,51.5,2022,Q2,2,2022-04-01,0.05749486652977409,0.09808102345415781
India,Q2'22,170.7,2022,Q2,2,2022-04-01,0.25977859778597767,0.4272575250836119
Indonesia,Q2'22,9.4,2022,Q2,2,2022-04-01,-0.10476190476190472,0.16049382716049387
Islamic Republic of Iran,Q2'22,14.5,2022,Q2,2,2022-04-01,-0.1807909604519774,0.5425531914893615
Italy,Q2'22,3.8,2022,Q2,2,2022-04-01,0.52,0.11764705882352944
Japan,Q2'22,0.1,2022,Q2,2,2022-04-01,-1.0147058823529411,-0.5
"Korea, Republic of",Q2'22,8.4,2022,Q2,2,2022-04-01,-0.07692307692307687,-0.1063829787234043
Kuwait,Q2'22,4.8,2022,Q2,2,2022-04-01,0.17073170731707332,0.09090909090909083
Malaysia,Q2'22,4.5,2022,Q2,2,2022-04-01,-0.1346153846153847,0.36363636363636376
Mexico,Q2'22,3.5,2022,Q2,2,2022-04-01,0.09375,0
Pakistan,Q2'22,11.5,2022,Q2,2,2022-04-01,0.18556701030927836,0.25
Russian Federation,Q2'22,15,2022,Q2,2,2022-04-01,0.07913669064748197,0.38888888888888884
Saudi Arabia,Q2'22,12.2,2022,Q2,2,2022-04-01,0.042735042735042805,0.20792079207920788
Singapore,Q2'22,3.8,2022,Q2,2,2022-04-01,-0.07317073170731703,0.4074074074074072
Spain,Q2'22,2,2022,Q2,2,2022-04-01,0.17647058823529416,0.05263157894736836
Sri Lanka,Q2'22,0.4,2022,Q2,2,2022-04-01,-0.8181818181818181,-0.6
Switzerland,Q2'22,11.6,2022,Q2,2,2022-04-01,-0.14074074074074072,-0.033333333333333326
Thailand,Q2'22,8.5,2022,Q2,2,2022-04-01,1.236842105263158,0.1333333333333333
Turkiye,Q2'22,17.8,2022,Q2,2,2022-04-01,0.011363636363636243,0.459016393442623
UAE,Q2'22,15.4,2022,Q2,2,2022-04-01,0.0620689655172415,0.75
United Kingdom,Q2'22,8.1,2022,Q2,2,2022-04-01,0.14084507042253525,0.06578947368421062
United States,Q2'22,65.5,2022,Q2,2,2022-04-01,0.13715277777777768,-0.028189910979228516
Vietnam,Q2'22,14,2022,Q2,2,2022-04-01,-0.2857142857142858,0.11111111111111116
Australia,Q3'22,9,2022,Q3,3,2022-07-01,0.0843373493975903,0.3846153846153846
Austria,Q3'22,3.3,2022,Q3,3,2022-07-01,0.09999999999999987,0.31999999999999984
Brazil,Q3'22,3.9,2022,Q3,3,2022-07-01,-0.11363636363636376,0.054054054054053946
Canada,Q3'22,5.3,2022,Q3,3,2022-07-01,-0.2535211267605634,0.15217391304347827
China,Q3'22,242.7,2022,Q3,3,2022-07-01,0.6354447439353099,0.06121556624398772
Egypt,Q3'22,15,2022,Q3,3,2022-07-01,0.4563106796116503,0.6666666666666667
France,Q3'22,3.6,2022,Q3,3,2022-07-01,-0.16279069767441856,0.125
Germany,Q3'22,44.2,2022,Q3,3,2022-07-01,-0.14174757281553396,0.23463687150837997
India,Q3'22,191.7,2022,Q3,3,2022-07-01,0.12302284710017575,0.14107142857142851
Indonesia,Q3'22,14.9,2022,Q3,3,2022-07-01,0.5851063829787233,0.13740458015267176
Islamic Republic of Iran,Q3'22,22.6,2022,Q3,3,2022-07-01,0.5586206896551724,0.4675324675324677
Italy,Q3'22,3.1,2022,Q3,3,2022-07-01,-0.18421052631578938,0.14814814814814814
Japan,Q3'22,7.4,2022,Q3,3,2022-07-01,73,0.2542372881355932
"Korea, Republic of",Q3'22,7,2022,Q3,3,2022-07-01,-0.16666666666666674,-0.23076923076923073
Kuwait,Q3'22,5.1,2022,Q3,3,2022-07-01,0.0625,0.3783783783783783
Malaysia,Q3'22,3.7,2022,Q3,3,2022-07-01,-0.1777777777777777,0.6818181818181817
Mexico,Q3'22,3.5,2022,Q3,3,2022-07-01,0,0
Pakistan,Q3'22,13,2022,Q3,3,2022-07-01,0.13043478260869557,0.34020618556701043
Russian Federation,Q3'22,16.1,2022,Q3,3,2022-07-01,0.07333333333333347,0.26771653543307106
Saudi Arabia,Q3'22,13.5,2022,Q3,3,2022-07-01,0.10655737704918034,0.2272727272727273
Singapore,Q3'22,3.3,2022,Q3,3,2022-07-01,-0.13157894736842102,0.5714285714285712
Spain,Q3'22,1.9,2022,Q3,3,2022-07-01,-0.050000000000000044,0.05555555555555558
Sri Lanka,Q3'22,0.3,2022,Q3,3,2022-07-01,-0.2500000000000001,-0.5
Switzerland,Q3'22,11,2022,Q3,3,2022-07-01,-0.051724137931034475,0.20879120879120894
Thailand,Q3'22,12.1,2022,Q3,3,2022-07-01,0.42352941176470593,0.40697674418604657
Turkiye,Q3'22,47,2022,Q3,3,2022-07-01,1.6404494382022472,1.5405405405405403
UAE,Q3'22,12.9,2022,Q3,3,2022-07-01,-0.16233766233766234,0.27722772277227725
United Kingdom,Q3'22,8.6,2022,Q3,3,2022-07-01,0.06172839506172845,0.036144578313252795
United States,Q3'22,55.2,2022,Q3,3,2022-07-01,-0.15725190839694647,-0.017793594306049876
Vietnam,Q3'22,12,2022,Q3,3,2022-07-01,-0.1428571428571429,2.6363636363636367
Australia,Q4'22,8.6,2022,Q4,4,2022-10-01,-0.04444444444444451,-0.03370786516853941
Austria,Q4'22,4.2,2022,Q4,4,2022-10-01,0.27272727272727293,0.16666666666666674
Brazil,Q4'22,5.3,2022,Q4,4,2022-10-01,0.35897435897435903,0.03921568627450989
Canada,Q4'22,9.1,2022,Q4,4,2022-10-01,0.7169811320754718,0
China,Q4'22,199,2022,Q4,4,2022-10-01,-0.18005768438401315,-0.246782740348221
Egypt,Q4'22,14,2022,Q4,4,2022-10-01,-0.06666666666666665,0.6470588235294117
France,Q4'22,7.7,2022,Q4,4,2022-10-01,1.1388888888888888,0.06944444444444442
Germany,Q4'22,52.1,2022,Q4,4,2022-10-01,0.17873303167420818,0.14757709251101336
India,Q4'22,276.3,2022,Q4,4,2022-10-01,0.4413145539906105,-0.19656876999127648
Indonesia,Q4'22,14.8,2022,Q4,4,2022-10-01,-0.006711409395973145,0.05714285714285716
Islamic Republic of Iran,Q4'22,16.8,2022,Q4,4,2022-10-01,-0.256637168141593,0.12751677852348986
Italy,Q4'22,10.1,2022,Q4,4,2022-10-01,2.258064516129032,0.1348314606741572
Japan,Q4'22,3.7,2022,Q4,4,2022-10-01,-0.5,2.0833333333333335
"Korea, Republic of",Q4'22,7.8,2022,Q4,4,2022-10-01,0.11428571428571432,-0.23529411764705876
Kuwait,Q4'22,4.8,2022,Q4,4,2022-10-01,-0.05882352941176472,0.23076923076923084
Malaysia,Q4'22,5.2,2022,Q4,4,2022-10-01,0.4054054054054055,0.019607843137255054
Mexico,Q4'22,4.1,2022,Q4,4,2022-10-01,0.17142857142857126,0.05128205128205132
Pakistan,Q4'22,10.1,2022,Q4,4,2022-10-01,-0.22307692307692306,-0.019417475728155442
Russian Federation,Q4'22,15.6,2022,Q4,4,2022-10-01,-0.03105590062111807,0.19999999999999996
Saudi Arabia,Q4'22,12.8,2022,Q4,4,2022-10-01,-0.051851851851851816,0.05785123966942152
Singapore,Q4'22,3.6,2022,Q4,4,2022-10-01,0.09090909090909105,0.125
Spain,Q4'22,2.5,2022,Q4,4,2022-10-01,0.3157894736842106,0
Sri Lanka,Q4'22,0.9,2022,Q4,4,2022-10-01,2,0.125
Switzerland,Q4'22,12.6,2022,Q4,4,2022-10-01,0.1454545454545455,0.2989690721649485
Thailand,Q4'22,14,2022,Q4,4,2022-10-01,0.1570247933884299,0.12903225806451601
Turkiye,Q4'22,39.3,2022,Q4,4,2022-10-01,-0.16382978723404262,2.4778761061946897
UAE,Q4'22,12.6,2022,Q4,4,2022-10-01,-0.023255813953488413,0.050000000000000044
United Kingdom,Q4'22,11.9,2022,Q4,4,2022-10-01,0.38372093023255816,-0.07751937984496127
United States,Q4'22,74,2022,Q4,4,2022-10-01,0.3405797101449275,-0.10950661853188925
Vietnam,Q4'22,13.5,2022,Q4,4,2022-10-01,0.125,0.588235294117647
Australia,Q1'23,6.9,2023,Q1,1,2023-01-01,-0.19767441860465107,-0.33009708737864074
Austria,Q1'23,1.3,2023,Q1,1,2023-01-01,-0.6904761904761905,-0.6486486486486487
Brazil,Q1'23,3.3,2023,Q1,1,2023-01-01,-0.37735849056603776,-0.02941176470588236
Canada,Q1'23,5.6,2023,Q1,1,2023-01-01,-0.3846153846153846,-0.08196721311475408
China,Q1'23,273.9,2023,Q1,1,2023-01-01,0.37638190954773854,0.1660280970625796
Egypt,Q1'23,15.8,2023,Q1,1,2023-01-01,0.12857142857142856,0.29508196721311486
France,Q1'23,4.6,2023,Q1,1,2023-01-01,-0.4025974025974026,0.04545454545454519
Germany,Q1'23,13.7,2023,Q1,1,2023-01-01,-0.7370441458733206,-0.7186858316221767
India,Q1'23,126.3,2023,Q1,1,2023-01-01,-0.5428881650380022,-0.06789667896678964
Indonesia,Q1'23,11.9,2023,Q1,1,2023-01-01,-0.19594594594594594,0.1333333333333333
Islamic Republic of Iran,Q1'23,20,2023,Q1,1,2023-01-01,0.19047619047619047,0.12994350282485878
Italy,Q1'23,2.6,2023,Q1,1,2023-01-01,-0.7425742574257426,0.040000000000000036
Japan,Q1'23,1.5,2023,Q1,1,2023-01-01,-0.5945945945945946,-1.2205882352941178
"Korea, Republic of",Q1'23,7.4,2023,Q1,1,2023-01-01,-0.05128205128205121,-0.1868131868131867
Kuwait,Q1'23,4.1,2023,Q1,1,2023-01-01,-0.14583333333333337,0
Malaysia,Q1'23,4.4,2023,Q1,1,2023-01-01,-0.15384615384615385,-0.15384615384615385
Mexico,Q1'23,3.3,2023,Q1,1,2023-01-01,-0.19512195121951215,0.031249999999999778
Pakistan,Q1'23,9.9,2023,Q1,1,2023-01-01,-0.01980198019801971,0.020618556701031077
Russian Federation,Q1'23,15,2023,Q1,1,2023-01-01,-0.038461538461538436,0.07913669064748197
Saudi Arabia,Q1'23,13.4,2023,Q1,1,2023-01-01,0.046875,0.14529914529914545
Singapore,Q1'23,3.3,2023,Q1,1,2023-01-01,-0.08333333333333337,-0.19512195121951215
Spain,Q1'23,1.7,2023,Q1,1,2023-01-01,-0.32000000000000006,0
Sri Lanka,Q1'23,2.7,2023,Q1,1,2023-01-01,2,0.2272727272727273
Switzerland,Q1'23,10.8,2023,Q1,1,2023-01-01,-0.1428571428571428,-0.19999999999999996
Thailand,Q1'23,7.4,2023,Q1,1,2023-01-01,-0.4714285714285714,0.9473684210526319
Turkiye,Q1'23,60,2023,Q1,1,2023-01-01,0.5267175572519085,2.4090909090909087
UAE,Q1'23,12,2023,Q1,1,2023-01-01,-0.04761904761904756,-0.1724137931034483
United Kingdom,Q1'23,7,2023,Q1,1,2023-01-01,-0.4117647058823529,-0.014084507042253502
United States,Q1'23,58,2023,Q1,1,2023-01-01,-0.21621621621621623,0.00694444444444442
Vietnam,Q1'23,17.2,2023,Q1,1,2023-01-01,0.2740740740740739,-0.12244897959183687
Australia,Q2'23,6.9,2023,Q2,2,2023-04-01,0,-0.1686746987951807
Austria,Q2'23,0.9,2023,Q2,2,2023-04-01,-0.3076923076923077,-0.7
Brazil,Q2'23,4.3,2023,Q2,2,2023-04-01,0.303030303030303,-0.022727272727272818
Canada,Q2'23,6.6,2023,Q2,2,2023-04-01,0.1785714285714286,-0.07042253521126762
China,Q2'23,191.9,2023,Q2,2,2023-04-01,-0.2993793355239137,0.2931266846361187
Egypt,Q2'23,17.1,2023,Q2,2,2023-04-01,0.08227848101265822,0.6601941747572815
France,Q2'23,4,2023,Q2,2,2023-04-01,-0.13043478260869557,-0.06976744186046513
Germany,Q2'23,14.1,2023,Q2,2,2023-04-01,0.029197080291970767,-0.7262135922330097
India,Q2'23,158.1,2023,Q2,2,2023-04-01,0.25178147268408546,-0.07381370826010547
Indonesia,Q2'23,8.4,2023,Q2,2,2023-04-01,-0.2941176470588235,-0.1063829787234043
Islamic Republic of Iran,Q2'23,18.9,2023,Q2,2,2023-04-01,-0.05500000000000005,0.3034482758620689
Italy,Q2'23,3.8,2023,Q2,2,2023-04-01,0.46153846153846145,0
Japan,Q2'23,6.5,2023,Q2,2,2023-04-01,3.333333333333333,64
"Korea, Republic of",Q2'23,6.6,2023,Q2,2,2023-04-01,-0.10810810810810823,-0.2142857142857144
Kuwait,Q2'23,5.5,2023,Q2,2,2023-04-01,0.3414634146341464,0.14583333333333348
Malaysia,Q2'23,3.8,2023,Q2,2,2023-04-01,-0.13636363636363646,-0.15555555555555556
Mexico,Q2'23,3.6,2023,Q2,2,2023-04-01,0.09090909090909105,0.028571428571428692
Pakistan,Q2'23,11.1,2023,Q2,2,2023-04-01,0.1212121212121211,-0.034782608695652195
Russian Federation,Q2'23,16.9,2023,Q2,2,2023-04-01,0.12666666666666648,0.12666666666666648
Saudi Arabia,Q2'23,12.8,2023,Q2,2,2023-04-01,-0.04477611940298509,0.049180327868852514
Singapore,Q2'23,3,2023,Q2,2,2023-04-01,-0.09090909090909083,-0.21052631578947367
Spain,Q2'23,2,2023,Q2,2,2023-04-01,0.17647058823529416,0
Sri Lanka,Q2'23,2.9,2023,Q2,2,2023-04-01,0.07407407407407396,6.249999999999999
Switzerland,Q2'23,8.1,2023,Q2,2,2023-04-01,-0.2500000000000001,-0.3017241379310345
Thailand,Q2'23,7.6,2023,Q2,2,2023-04-01,0.027027027027026973,-0.10588235294117654
Turkiye,Q2'23,51.9,2023,Q2,2,2023-04-01,-0.135,1.9157303370786516
UAE,Q2'23,13.3,2023,Q2,2,2023-04-01,0.10833333333333339,-0.13636363636363635
United Kingdom,Q2'23,7.3,2023,Q2,2,2023-04-01,0.04285714285714293,-0.09876543209876543
United States,Q2'23,68.1,2023,Q2,2,2023-04-01,0.1741379310344826,0.03969465648854964
Vietnam,Q2'23,12.7,2023,Q2,2,2023-04-01,-0.2616279069767442,-0.09285714285714286
Australia,Q3'23,5,2023,Q3,3,2023-07-01,-0.2753623188405797,-0.4444444444444444
Austria,Q3'23,0.9,2023,Q3,3,2023-07-01,0,-0.7272727272727273
Brazil,Q3'23,3.9,2023,Q3,3,2023-07-01,-0.09302325581395343,0
Canada,Q3'23,4.1,2023,Q3,3,2023-07-01,-0.3787878787878788,-0.2264150943396227
China,Q3'23,247.4,2023,Q3,3,2023-07-01,0.2892131318394997,0.019365471775855125
Egypt,Q3'23,12.6,2023,Q3,3,2023-07-01,-0.26315789473684215,-0.16000000000000003
France,Q3'23,2.6,2023,Q3,3,2023-07-01,-0.35,-0.2777777777777778
Germany,Q3'23,13.7,2023,Q3,3,2023-07-01,-0.028368794326241176,-0.6900452488687783
India,Q3'23,210.2,2023,Q3,3,2023-07-01,0.32953826691967114,0.09650495565988515
Indonesia,Q3'23,12.6,2023,Q3,3,2023-07-01,0.5,-0.15436241610738255
Islamic Republic of Iran,Q3'23,17.8,2023,Q3,3,2023-07-01,-0.05820105820105814,-0.21238938053097345
Italy,Q3'23,3,2023,Q3,3,2023-07-01,-0.21052631578947367,-0.032258064516129115
Japan,Q3'23,4.5,2023,Q3,3,2023-07-01,-0.3076923076923077,-0.3918918918918919
"Korea, Republic of",Q3'23,5.9,2023,Q3,3,2023-07-01,-0.10606060606060597,-0.15714285714285714
Kuwait,Q3'23,4.9,2023,Q3,3,2023-07-01,-0.10909090909090902,-0.039215686274509665
Malaysia,Q3'23,3.7,2023,Q3,3,2023-07-01,-0.02631578947368407,0
Mexico,Q3'23,3.6,2023,Q3,3,2023-07-01,0,0.028571428571428692
Pakistan,Q3'23,11.6,2023,Q3,3,2023-07-01,0.04504504504504503,-0.10769230769230775
Russian Federation,Q3'23,19.6,2023,Q3,3,2023-07-01,0.1597633136094676,0.21739130434782616
Saudi Arabia,Q3'23,13.8,2023,Q3,3,2023-07-01,0.078125,0.022222222222222365
Singapore,Q3'23,2.7,2023,Q3,3,2023-07-01,-0.09999999999999998,-0.18181818181818177
Spain,Q3'23,1.9,2023,Q3,3,2023-07-01,-0.050000000000000044,0
Sri Lanka,Q3'23,2.3,2023,Q3,3,2023-07-01,-0.206896551724138,6.666666666666666
Switzerland,Q3'23,8,2023,Q3,3,2023-07-01,-0.012345679012345623,-0.2727272727272727
Thailand,Q3'23,13,2023,Q3,3,2023-07-01,0.7105263157894737,0.07438016528925617
Turkiye,Q3'23,39.8,2023,Q3,3,2023-07-01,-0.23314065510597304,-0.15319148936170224
UAE,Q3'23,12.6,2023,Q3,3,2023-07-01,-0.052631578947368474,-0.023255813953488413
United Kingdom,Q3'23,7.1,2023,Q3,3,2023-07-01,-0.0273972602739726,-0.17441860465116277
United States,Q3'23,51.4,2023,Q3,3,2023-07-01,-0.24522760646108654,-0.06884057971014501
Vietnam,Q3'23,11.9,2023,Q3,3,2023-07-01,-0.06299212598425186,-0.008333333333333304
Australia,Q4'23,6.3,2023,Q4,4,2023-10-01,0.26,-0.2674418604651163
Austria,Q4'23,1.1,2023,Q4,4,2023-10-01,0.22222222222222232,-0.7380952380952381
Brazil,Q4'23,5.5,2023,Q4,4,2023-10-01,0.41025641025641035,0.037735849056603765
Canada,Q4'23,7.5,2023,Q4,4,2023-10-01,0.8292682926829269,-0.17582417582417575
China,Q4'23,245.9,2023,Q4,4,2023-10-01,-0.006063055780113125,0.23567839195979912
Egypt,Q4'23,11.5,2023,Q4,4,2023-10-01,-0.08730158730158732,-0.1785714285714286
France,Q4'23,5.6,2023,Q4,4,2023-10-01,1.1538461538461537,-0.2727272727272728
Germany,Q4'23,16.1,2023,Q4,4,2023-10-01,0.17518248175182505,-0.690978886756238
India,Q4'23,266.2,2023,Q4,4,2023-10-01,0.2664129400570885,-0.03655446977922561
Indonesia,Q4'23,12.5,2023,Q4,4,2023-10-01,-0.007936507936507908,-0.15540540540540548
Islamic Republic of Iran,Q4'23,15,2023,Q4,4,2023-10-01,-0.1573033707865169,-0.1071428571428572
Italy,Q4'23,9.4,2023,Q4,4,2023-10-01,2.1333333333333333,-0.06930693069306926
Japan,Q4'23,3.4,2023,Q4,4,2023-10-01,-0.24444444444444446,-0.08108108108108114
"Korea, Republic of",Q4'23,7.7,2023,Q4,4,2023-10-01,0.3050847457627117,-0.012820512820512775
Kuwait,Q4'23,5.1,2023,Q4,4,2023-10-01,0.04081632653061207,0.0625
Malaysia,Q4'23,4.7,2023,Q4,4,2023-10-01,0.2702702702702702,-0.09615384615384615
Mexico,Q4'23,4.2,2023,Q4,4,2023-10-01,0.16666666666666674,0.024390243902439046
Pakistan,Q4'23,10.4,2023,Q4,4,2023-10-01,-0.10344827586206895,0.02970297029702973
Russian Federation,Q4'23,19.6,2023,Q4,4,2023-10-01,0,0.2564102564102566
Saudi Arabia,Q4'23,12.3,2023,Q4,4,2023-10-01,-0.10869565217391308,-0.0390625
Singapore,Q4'23,3.6,2023,Q4,4,2023-10-01,0.33333333333333326,0
Spain,Q4'23,2.5,2023,Q4,4,2023-10-01,0.3157894736842106,0
Sri Lanka,Q4'23,2.6,2023,Q4,4,2023-10-01,0.1304347826086958,1.8888888888888888
Switzerland,Q4'23,8.8,2023,Q4,4,2023-10-01,0.10000000000000009,-0.3015873015873015
Thailand,Q4'23,15.1,2023,Q4,4,2023-10-01,0.1615384615384614,0.07857142857142851
Turkiye,Q4'23,40.5,2023,Q4,4,2023-10-01,0.017587939698492594,0.03053435114503822
UAE,Q4'23,13.3,2023,Q4,4,2023-10-01,0.05555555555555558,0.05555555555555558
United Kingdom,Q4'23,9.6,2023,Q4,4,2023-10-01,0.352112676056338,-0.19327731092436984
United States,Q4'23,75,2023,Q4,4,2023-10-01,0.4591439688715955,0.013513513513513598
Vietnam,Q4'23,13.7,2023,Q4,4,2023-10-01,0.15126050420168058,0.014814814814814836
